{
  "model_name": "knn_mnist",
  "model_version": "1.1.0",
  "metrics_schema_version": "1.1",
  "generated_at_utc": "2026-03-28T13:46:08.708120+00:00",
  "train_mode": "fast",
  "training_seconds": 144.20887550001498,
  "test_accuracy": 0.9305,
  "best_params": {
    "algorithm": "ball_tree",
    "metric": "minkowski",
    "n_neighbors": 3,
    "weights": "distance"
  },
  "best_cv_score": 0.9535,
  "cv_scores": [
    0.955,
    0.9575,
    0.9525,
    0.95125,
    0.95125
  ],
  "cv_mean_accuracy": 0.9535,
  "cv_std_accuracy": 0.0024238399287081496,
  "target_accuracy": 0.95,
  "accuracy": 0.9518,
  "latency_ms_per_image": 8.569443833304105,
  "target_latency_ms": 100.0,
  "classification_report": {
    "0": {
      "precision": 0.9613478691774033,
      "recall": 0.9897959183673469,
      "f1-score": 0.9753645047762695,
      "support": 980.0
    },
    "1": {
      "precision": 0.9391666666666667,
      "recall": 0.9929515418502203,
      "f1-score": 0.9653104925053533,
      "support": 1135.0
    },
    "2": {
      "precision": 0.9775967413441955,
      "recall": 0.9302325581395349,
      "f1-score": 0.9533267130089375,
      "support": 1032.0
    },
    "3": {
      "precision": 0.9309338521400778,
      "recall": 0.9475247524752475,
      "f1-score": 0.9391560353287537,
      "support": 1010.0
    },
    "4": {
      "precision": 0.9655172413793104,
      "recall": 0.9409368635437881,
      "f1-score": 0.9530685920577617,
      "support": 982.0
    },
    "5": {
      "precision": 0.9502824858757062,
      "recall": 0.9428251121076233,
      "f1-score": 0.9465391108610017,
      "support": 892.0
    },
    "6": {
      "precision": 0.9622833843017329,
      "recall": 0.9853862212943633,
      "f1-score": 0.9736977823620423,
      "support": 958.0
    },
    "7": {
      "precision": 0.9381044487427466,
      "recall": 0.943579766536965,
      "f1-score": 0.9408341416100873,
      "support": 1028.0
    },
    "8": {
      "precision": 0.9743875278396437,
      "recall": 0.8983572895277208,
      "f1-score": 0.9348290598290598,
      "support": 974.0
    },
    "9": {
      "precision": 0.9259259259259259,
      "recall": 0.9415262636273538,
      "f1-score": 0.9336609336609336,
      "support": 1009.0
    },
    "accuracy": 0.9518,
    "macro avg": {
      "precision": 0.952554614339341,
      "recall": 0.9513116287470164,
      "f1-score": 0.95157873660002,
      "support": 10000.0
    },
    "weighted avg": {
      "precision": 0.9522539581468498,
      "recall": 0.9518,
      "f1-score": 0.9516658990885714,
      "support": 10000.0
    }
  },
  "confusion_matrix": [
    [
      970,
      1,
      1,
      0,
      0,
      2,
      4,
      1,
      1,
      0
    ],
    [
      0,
      1127,
      2,
      3,
      0,
      0,
      3,
      0,
      0,
      0
    ],
    [
      15,
      15,
      960,
      10,
      0,
      1,
      5,
      22,
      4,
      0
    ],
    [
      1,
      2,
      5,
      957,
      1,
      15,
      3,
      10,
      9,
      7
    ],
    [
      0,
      12,
      0,
      0,
      924,
      0,
      7,
      4,
      2,
      33
    ],
    [
      7,
      3,
      0,
      19,
      2,
      841,
      7,
      3,
      4,
      6
    ],
    [
      7,
      3,
      0,
      0,
      2,
      2,
      944,
      0,
      0,
      0
    ],
    [
      0,
      27,
      6,
      1,
      4,
      1,
      0,
      970,
      1,
      18
    ],
    [
      6,
      5,
      5,
      31,
      8,
      19,
      7,
      6,
      875,
      12
    ],
    [
      3,
      5,
      3,
      7,
      16,
      4,
      1,
      18,
      2,
      950
    ]
  ]
}